{
  "IVR_MAX": 49.78531780525893,
  "IV_RV_MAX": 1.0372435519615906,
  "RV_WINDOW": 59,
  "IVR_DAYS": 23,
  "ER_WINDOW": 38,
  "ENTRY_START": "09:30",
  "ENTRY_END": "12:00",
  "SESSION_END": "15:10",
  "DTE_MIN": 3,
  "DTE_MAX": 4,
  "MAX_TRADES_PER_DAY": 5,
  "COOLDOWN_LOSS_MIN": 64,
  "STRADDLE_TP": 0.15537784628997814,
  "STRADDLE_SL": 0.13800004668430635,
  "IV_EXPAND_EXIT": 0.10081376275111595,
  "THETA_MAX_MIN": 88,
  "HEDGE_STEP_PTS": 51,
  "HEDGE_REVERT_PTS": 41,
  "HEDGE_SL_PTS": 171,
  "STRADDLE_COST": 120,
  "HEDGE_COST": 60,
  "LOT_SIZE": 65,
  "LOTS": 1,
  "RISK_FREE": 0.065,
  "MINS_PER_DAY": 375
}